{"TRA":{"0":{"MAIT":{"10":0.0194256757,"11":0.0540540541,"12":0.2787162162,"13":0.1942567568,"14":0.2027027027,"15":0.1342905405,"16":0.0633445946,"17":0.0346283784,"18":0.0109797297,"19":0.0059121622,"20":0.0016891892,"21":0.0},"iNKT":{"10":0.0320512821,"11":0.0256410256,"12":0.1153846154,"13":0.1346153846,"14":0.1923076923,"15":0.2884615385,"16":0.0769230769,"17":0.0512820513,"18":0.0448717949,"19":0.0256410256,"20":0.0064102564,"21":0.0064102564}}},"TRB":{"0":{"MAIT":{"10":0.0065248761,"11":0.0171905389,"12":0.0444193488,"13":0.1309994353,"14":0.2415458937,"15":0.2897295941,"16":0.165317774,"17":0.0585984064,"18":0.0257858084,"19":0.0104774453,"20":0.0058974842,"21":0.0035133948},"iNKT":{"10":0.013564431,"11":0.0395629239,"12":0.1047475509,"13":0.1631499623,"14":0.2652599849,"15":0.2407686511,"16":0.1179351922,"17":0.0361718161,"18":0.0101733233,"19":0.0048982668,"20":0.0026375283,"21":0.0011303693},"GEMT":{"10":0.0084745763,"11":0.0169491525,"12":0.0338983051,"13":0.1016949153,"14":0.1398305085,"15":0.1355932203,"16":0.1271186441,"17":0.2203389831,"18":0.1398305085,"19":0.0423728814,"20":0.0254237288,"21":0.0084745763}}}}