{"TRA":{"0":{"Mouse":{"10":0.0143884892,"11":0.035971223,"12":0.278177458,"13":0.1726618705,"14":0.206235012,"15":0.1462829736,"16":0.0479616307,"17":0.0503597122,"18":0.0239808153,"19":0.0143884892,"20":0.0071942446,"21":0.0023980815},"Human":{"10":0.0056179775,"11":0.0224719101,"12":0.5561797753,"13":0.0730337079,"14":0.0674157303,"15":0.2247191011,"16":0.0280898876,"17":0.0,"18":0.0,"19":0.0224719101,"20":0.0,"21":0.0},"Cattle":{"10":0.0281879195,"11":0.0657718121,"12":0.1785234899,"13":0.2228187919,"14":0.2308724832,"15":0.1382550336,"16":0.0832214765,"17":0.0375838926,"18":0.0134228188,"19":0.0013422819,"20":0.0,"21":0.0}}},"TRB":{"0":{"Mouse":{"10":0.0098846787,"11":0.0294186867,"12":0.0877853613,"13":0.1459166863,"14":0.2920687221,"15":0.2817133443,"16":0.1252059308,"17":0.0223582019,"18":0.0042362909,"19":0.000941398,"20":0.000470699,"21":0.0},"Human":{"10":0.0072236937,"11":0.0189421302,"12":0.0451882174,"13":0.132514648,"14":0.2218476603,"15":0.2722529898,"16":0.172084437,"17":0.0704711454,"18":0.0328276748,"19":0.0139658078,"20":0.0080263264,"21":0.0046552693},"Cattle":{"10":0.0047147572,"11":0.0103724658,"12":0.0273455917,"13":0.129184347,"14":0.2743988685,"15":0.3300330033,"16":0.1423856671,"17":0.0513908534,"18":0.0207449316,"19":0.0056577086,"20":0.0023573786,"21":0.0014144272}}}}