{"TRA":{"0":[[0.0,1.0,7.7717391304],[0.0,0.0,9.9456521739],[0.0,16.0,2.2826086957],[0.0,10.0,2.1195652174],[0.0,2.0,7.5543478261],[0.0,15.0,9.402173913],[0.0,11.0,5.8152173913],[0.0,19.0,7.0652173913],[0.0,13.0,4.7826086957],[0.0,9.0,8.9673913043],[0.0,7.0,6.1956521739],[0.0,18.0,4.4565217391],[0.0,17.0,5.4891304348],[0.0,12.0,1.0326086957],[0.0,5.0,6.1956521739],[0.0,4.0,4.1847826087],[0.0,8.0,3.3695652174],[0.0,14.0,2.6630434783],[0.0,3.0,0.597826087],[0.0,6.0,0.1086956522],[1.0,1.0,7.0707070707],[1.0,7.0,2.2222222222],[1.0,9.0,11.3131313131],[1.0,14.0,9.2929292929],[1.0,2.0,5.6565656566],[1.0,5.0,12.7272727273],[1.0,4.0,8.6868686869],[1.0,11.0,3.6363636364],[1.0,3.0,1.2121212121],[1.0,8.0,2.4242424242],[1.0,16.0,6.6666666667],[1.0,0.0,4.8484848485],[1.0,17.0,6.6666666667],[1.0,15.0,8.0808080808],[1.0,19.0,5.2525252525],[1.0,10.0,2.0202020202],[1.0,12.0,1.0101010101],[1.0,13.0,0.8080808081],[1.0,18.0,0.404040404]]},"TRAname":{"0":["MAIT","iNKT"]},"TRB":{"0":[[0.0,1.0,6.8072610785],[0.0,0.0,10.0640683396],[0.0,15.0,14.8691938067],[0.0,14.0,5.3123331554],[0.0,2.0,2.0288307528],[0.0,5.0,7.9551521623],[0.0,9.0,5.7394554191],[0.0,16.0,7.661505606],[0.0,11.0,3.363587827],[0.0,7.0,1.3614522157],[0.0,19.0,5.6059797117],[0.0,4.0,8.5958355579],[0.0,13.0,6.0864922584],[0.0,3.0,3.7373198078],[0.0,18.0,0.7474639616],[0.0,12.0,2.7495995729],[0.0,6.0,1.761879338],[0.0,17.0,3.0699412707],[0.0,8.0,2.0021356113],[0.0,10.0,0.4805125467],[1.0,1.0,6.8010242009],[1.0,0.0,10.5784532364],[1.0,15.0,14.964896341],[1.0,3.0,7.3951708378],[1.0,12.0,2.2686600039],[1.0,11.0,2.7124803832],[1.0,16.0,6.438699375],[1.0,4.0,9.5983040115],[1.0,17.0,1.8446628672],[1.0,18.0,0.3452548113],[1.0,2.0,4.5042812698],[1.0,9.0,3.6491286033],[1.0,5.0,11.363123262],[1.0,19.0,4.7603314887],[1.0,13.0,6.4271358167],[1.0,6.0,1.0203463561],[1.0,14.0,3.6210456761],[1.0,10.0,0.2731202335],[1.0,7.0,0.6701357341],[1.0,8.0,0.7637454916],[2.0,1.0,6.5483955127],[2.0,0.0,9.8878163319],[2.0,16.0,6.6527524133],[2.0,14.0,3.0002608923],[2.0,2.0,3.7307591965],[2.0,3.0,8.3746412732],[2.0,19.0,5.3743803809],[2.0,11.0,2.8698147665],[2.0,13.0,6.600573963],[2.0,4.0,9.6269240804],[2.0,15.0,16.4623010697],[2.0,9.0,2.7915470911],[2.0,12.0,3.1567962432],[2.0,8.0,1.0957474563],[2.0,5.0,9.731280981],[2.0,17.0,1.7479780851],[2.0,6.0,1.2261935821],[2.0,10.0,0.1826245761],[2.0,7.0,0.8870336551],[2.0,18.0,0.0521784503]]},"TRBname":{"0":["GEMT","MAIT","iNKT"]}}