{"TRA":{"0":[[0.0,1.0,7.9356978821],[0.0,0.0,11.5590711916],[0.0,17.0,5.1798928298],[0.0,14.0,4.3123245726],[0.0,2.0,2.7558050523],[0.0,15.0,7.8081143149],[0.0,11.0,6.7364123501],[0.0,19.0,4.0826741516],[0.0,13.0,4.0316407247],[0.0,9.0,8.0887981628],[0.0,7.0,3.368206175],[0.0,18.0,2.5006379178],[0.0,5.0,8.5225822914],[0.0,6.0,0.5358509824],[0.0,4.0,7.0681296249],[0.0,10.0,1.6075529472],[0.0,8.0,4.0061240112],[0.0,16.0,5.7412605256],[0.0,12.0,1.8627200817],[0.0,3.0,2.2965042103],[1.0,1.0,7.8464106845],[1.0,0.0,10.8514190317],[1.0,12.0,2.5041736227],[1.0,11.0,6.2882582081],[1.0,14.0,5.0639955481],[1.0,7.0,2.5041736227],[1.0,4.0,7.9020589872],[1.0,9.0,8.5141903172],[1.0,3.0,3.1163049527],[1.0,13.0,4.6188091263],[1.0,16.0,5.1196438509],[1.0,18.0,3.1719532554],[1.0,19.0,2.1702838063],[1.0,5.0,8.6811352254],[1.0,8.0,3.6171396772],[1.0,15.0,8.5698386199],[1.0,17.0,5.3978853645],[1.0,10.0,1.0573177518],[1.0,6.0,1.0573177518],[1.0,2.0,1.9476905954]]},"TRAname":{"0":["MAIT","iNKT"]},"TRB":{"0":[[0.0,1.0,6.9728790511],[0.0,0.0,11.9589030747],[0.0,15.0,14.4216967591],[0.0,5.0,12.978771625],[0.0,2.0,5.3826395709],[0.0,3.0,6.4931631034],[0.0,16.0,6.6669184861],[0.0,9.0,4.6687315857],[0.0,19.0,6.772682632],[0.0,4.0,8.9408476241],[0.0,11.0,2.3343657929],[0.0,14.0,2.0510689733],[0.0,13.0,5.5488403717],[0.0,17.0,1.0009820956],[0.0,12.0,1.7866586084],[0.0,8.0,0.2304147465],[0.0,18.0,0.8310040039],[0.0,6.0,0.2870741104],[0.0,7.0,0.5439298935],[0.0,10.0,0.1284278915],[1.0,1.0,7.1688834908],[1.0,0.0,11.3546819919],[1.0,15.0,13.4342506739],[1.0,5.0,13.2328109725],[1.0,2.0,6.3335011998],[1.0,14.0,2.5387327073],[1.0,19.0,6.5971502207],[1.0,16.0,6.10836271],[1.0,4.0,9.1151464881],[1.0,3.0,4.8315904849],[1.0,13.0,5.8595254318],[1.0,11.0,4.0199069823],[1.0,9.0,4.363539414],[1.0,17.0,1.2915839678],[1.0,8.0,0.3377077347],[1.0,12.0,2.1091921676],[1.0,18.0,0.6398672868],[1.0,7.0,0.2903101579],[1.0,6.0,0.2784607637],[1.0,10.0,0.0947951536]]},"TRBname":{"0":["MAIT","iNKT"]}}