{"TRA":{"0":[[0.0,1.0,7.4577394763],[0.0,17.0,5.8999005635],[0.0,10.0,0.7954922108],[0.0,2.0,2.7345044746],[0.0,5.0,12.9101756712],[0.0,11.0,6.6622472655],[0.0,19.0,3.8945972821],[0.0,13.0,3.7122969838],[0.0,18.0,2.1213125621],[0.0,7.0,3.1488233344],[0.0,0.0,9.9270798807],[0.0,9.0,9.4133244945],[0.0,15.0,5.9164733179],[0.0,8.0,2.8836592642],[0.0,4.0,8.418959231],[0.0,16.0,5.4690089493],[0.0,14.0,4.5575074577],[0.0,3.0,1.6407026848],[0.0,12.0,1.6738481936],[0.0,6.0,0.762346702]]},"TRAname":{"0":["MAIT"]},"TRB":{"0":[[0.0,1.0,6.9208990178],[0.0,0.0,10.2660002097],[0.0,15.0,14.1633751617],[0.0,3.0,4.1280715859],[0.0,2.0,3.9533014086],[0.0,4.0,7.8087315181],[0.0,5.0,11.5488133105],[0.0,9.0,5.4073892831],[0.0,16.0,5.6800307596],[0.0,13.0,5.9316998147],[0.0,12.0,4.5894648537],[0.0,19.0,6.7111748051],[0.0,6.0,1.5484637701],[0.0,14.0,4.1560348142],[0.0,7.0,1.0905659058],[0.0,11.0,2.7613688],[0.0,10.0,0.3460449509],[0.0,18.0,0.7550071656],[0.0,17.0,1.7546925793],[0.0,8.0,0.4788702856]]},"TRBname":{"0":["MAIT"]}}