{"TRA":{"0":{"MAIT":{"13":0.2323462415,"14":0.2050113895,"12":0.1981776765,"15":0.1503416856,"11":0.0728929385,"16":0.0728929385,"17":0.0387243736,"10":0.0250569476,"18":0.0045558087}}},"TRB":{"0":{"MAIT":{"15":0.3367556468,"14":0.2828542094,"16":0.1396303901,"13":0.1303901437,"17":0.0477412731,"12":0.023100616,"18":0.0174537988,"11":0.0097535934,"19":0.0056468172,"10":0.0030800821,"20":0.0025667351,"21":0.001026694}}}}