{"TRB":{"0":{"GEMT":{"10":0.0084745763,"11":0.0169491525,"12":0.0338983051,"13":0.1016949153,"14":0.1398305085,"15":0.1355932203,"16":0.1271186441,"17":0.2203389831,"18":0.1398305085,"19":0.0423728814,"20":0.0254237288,"21":0.0084745763},"MAIT":{"10":0.0073504845,"11":0.0189609088,"12":0.0451887738,"13":0.1336451721,"14":0.2235215503,"15":0.2772302038,"16":0.1733210825,"17":0.065736719,"18":0.0303207484,"19":0.0128633478,"20":0.0074340127,"21":0.0044269963},"iNKT":{"10":0.0,"11":0.0199203187,"12":0.0557768924,"13":0.1075697211,"14":0.219123506,"15":0.1633466135,"16":0.1553784861,"17":0.1553784861,"18":0.0517928287,"19":0.0398406375,"20":0.0199203187,"21":0.0119521912}}},"TRA":{"0":{"MAIT":{"10":0.0,"11":0.0277777778,"12":0.6805555556,"13":0.0625,"14":0.0416666667,"15":0.1527777778,"16":0.0138888889,"19":0.0208333333},"iNKT":{"10":0.0294117647,"11":0.0,"12":0.0294117647,"13":0.1176470588,"14":0.1764705882,"15":0.5294117647,"16":0.0882352941,"19":0.0294117647}}}}