{"TRA":{"0":{"MAIT":{"10":0.0071684588,"11":0.0394265233,"12":0.3046594982,"13":0.1971326165,"14":0.2222222222,"15":0.1146953405,"16":0.0394265233,"17":0.0465949821,"18":0.0107526882,"19":0.0107526882,"20":0.0071684588,"21":0.0},"iNKT":{"10":0.0330578512,"11":0.0330578512,"12":0.1404958678,"13":0.1404958678,"14":0.1900826446,"15":0.2231404959,"16":0.0743801653,"17":0.0661157025,"18":0.0578512397,"19":0.0247933884,"20":0.0082644628,"21":0.0082644628}}},"TRB":{"0":{"MAIT":{"10":0.0032608696,"11":0.0135869565,"12":0.0592391304,"13":0.1157608696,"14":0.3211956522,"15":0.3239130435,"16":0.1402173913,"17":0.0201086957,"18":0.002173913,"19":0.0005434783,"20":0.0},"iNKT":{"10":0.0150062526,"11":0.041684035,"12":0.1096290121,"13":0.1684035015,"14":0.2705293872,"15":0.248853689,"16":0.1142142559,"17":0.0237599,"18":0.0058357649,"19":0.0012505211,"20":0.0008336807}}}}